Label,# Samples,Average,Min,Max,Std. Dev.,Error %,Throughput,Received KB/sec,Sent KB/sec,Avg. Bytes
Login,149025,2910,0,11522,1394.23,1.033%,41.34422,222.95,8.95,5521.9
GetShippers,148910,993,0,9500,998.41,0.990%,41.35841,30.23,150.55,748.4
Post Shippers,148860,897,0,11983,1014.59,98.656%,41.34915,18.23,112.70,451.4
Debug Sampler,297650,0,0,80,0.68,0.000%,82.69245,234.45,0.00,2903.2
TOTAL,744445,960,0,11983,1387.52,20.132%,206.53246,505.47,271.90,2506.1
