Label,# Samples,Average,Min,Max,Std. Dev.,Error %,Throughput,Received KB/sec,Sent KB/sec,Avg. Bytes
Login,8000,6884,0,15168,2997.57,8.525%,47.32020,245.05,9.47,5302.9
GetShippers,8000,4637,0,12750,2251.97,8.575%,47.42343,38.36,163.49,828.2
Post Shippers,8000,4333,0,14769,2164.90,9.025%,47.42090,24.56,123.03,530.3
Debug Sampler,16000,0,0,76,0.69,0.000%,94.84741,269.45,0.00,2909.0
TOTAL,40000,3171,0,15168,3350.93,5.225%,236.57160,576.62,295.34,2495.9
