Label,# Samples,Average,Min,Max,Std. Dev.,Error %,Throughput,Received KB/sec,Sent KB/sec,Avg. Bytes
Login,8000,13138,1,28010,3619.31,1.363%,22.32722,120.19,4.82,5512.2
Get Users,8000,10428,7,29877,2792.08,1.363%,22.41129,19.03,60.07,869.7
Post Users,8000,11072,124,25218,2949.21,1.413%,23.16256,9.05,64.86,399.9
Debug Sampler,16000,0,0,56,1.13,0.000%,46.74563,138.89,0.00,3042.5
TOTAL,40000,6927,0,29877,6222.28,0.827%,111.59469,280.44,127.14,2573.4
